old,new
https://github.com/jonathanvajda/cco-d-acts/CCO-D-ACTS_00000001,https://github.com/jonathanvajda/cco-d-acts/ont00000001
https://github.com/jonathanvajda/cco-d-acts/CCO-D-ACTS_00000003,https://github.com/jonathanvajda/cco-d-acts/ont00000003
https://github.com/jonathanvajda/cco-d-acts/CCO-D-ACTS_00000004,https://github.com/jonathanvajda/cco-d-acts/ont00000004
https://github.com/jonathanvajda/cco-d-acts/CCO-D-ACTS_00000005,https://github.com/jonathanvajda/cco-d-acts/ont00000005
https://github.com/jonathanvajda/cco-d-acts/CCO-D-ACTS_00000006,https://github.com/jonathanvajda/cco-d-acts/ont00000006
https://github.com/jonathanvajda/cco-d-acts/CCO-D-ACTS_00000007,https://github.com/jonathanvajda/cco-d-acts/ont00000007
https://github.com/jonathanvajda/cco-d-acts/CCO-D-ACTS_00000008,https://github.com/jonathanvajda/cco-d-acts/ont00000008
https://github.com/jonathanvajda/cco-d-acts/CCO-D-ACTS_00000009,https://github.com/jonathanvajda/cco-d-acts/ont00000009
https://github.com/jonathanvajda/cco-d-acts/CCO-D-ACTS_00000010,https://github.com/jonathanvajda/cco-d-acts/ont00000010
https://github.com/jonathanvajda/cco-d-acts/CCO-D-ACTS_00000011,https://github.com/jonathanvajda/cco-d-acts/ont00000011
https://github.com/jonathanvajda/cco-d-acts/CCO-D-ACTS_00000012,https://github.com/jonathanvajda/cco-d-acts/ont00000012
https://github.com/jonathanvajda/cco-d-acts/CCO-D-ACTS_00000013,https://github.com/jonathanvajda/cco-d-acts/ont00000013
https://github.com/jonathanvajda/cco-d-acts/CCO-D-ACTS_00000014,https://github.com/jonathanvajda/cco-d-acts/ont00000014
https://github.com/jonathanvajda/cco-d-acts/CCO-D-ACTS_00000015,https://github.com/jonathanvajda/cco-d-acts/ont00000015
https://github.com/jonathanvajda/cco-d-acts/CCO-D-ACTS_00000016,https://github.com/jonathanvajda/cco-d-acts/ont00000016
https://github.com/jonathanvajda/cco-d-acts/CCO-D-ACTS_00000017,https://github.com/jonathanvajda/cco-d-acts/ont00000017
